2018.02.20  11.23.57.2695,C:\Subhasree\CODES\MOSCATO1\moscato\bin\Debug\PUZZLE\PL10\puzzle_01.png
2018.02.20  12.10.25.4806,C:\Subhasree\CODES\MOSCATO1\moscato\bin\Debug\PUZZLE\PL10\puzzle_01.png2018.02.20  12.13.15.3192,C:\Subhasree\CODES\MOSCATO1\moscato\bin\Debug\PUZZLE\PL10\puzzle_01.png
2018.02.20  12.13.23.9604,C:\Subhasree\CODES\MOSCATO1\moscato\bin\Debug\PUZZLE\PL02\puzzle_01.png
2018.02.20  12.13.23.9645,C:\Subhasree\CODES\MOSCATO1\moscato\bin\Debug\PUZZLE\PL02\puzzle_02.png
2018.02.20  12.13.23.9705,C:\Subhasree\CODES\MOSCATO1\moscato\bin\Debug\PUZZLE\PL02\puzzle_03.png
2018.02.20  12.13.23.9775,C:\Subhasree\CODES\MOSCATO1\moscato\bin\Debug\PUZZLE\PL02\puzzle_04.png
2018.02.20  12.13.23.9835,C:\Subhasree\CODES\MOSCATO1\moscato\bin\Debug\PUZZLE\PL02\puzzle_05.png
2018.02.20  12.13.23.9906,C:\Subhasree\CODES\MOSCATO1\moscato\bin\Debug\PUZZLE\PL02\puzzle_06.png
2018.02.20  12.14.36.5671,C:\Subhasree\CODES\MOSCATO1\moscato\bin\Debug\PUZZLE\PL12\puzzle_05.png
2018.02.20  12.14.55.6404,C:\Subhasree\CODES\MOSCATO1\moscato\bin\Debug\PUZZLE\PL05\puzzle_02.png
2018.02.20  12.15.05.3807,C:\Subhasree\CODES\MOSCATO1\moscato\bin\Debug\PUZZLE\PL10\puzzle_01.png
