03.04.10.061036,SB11,login,
03.04.23.576028,SB11,words ,1,
03.04.23.900705,SB11,words ,1,
03.04.24.107384,SB11,words ,1,
03.04.24.633601,SB11,words ,1,
03.04.24.670051,SB11,words ,1,
03.04.24.703429,SB11,words ,1,
03.04.24.749378,SB11,words ,1,
03.04.24.792711,SB11,words ,1,
03.04.24.821251,SB11,words ,1,
03.04.24.859489,SB11,words ,1,
03.04.24.899385,SB11,words ,1,
03.04.24.931108,SB11,words ,1,
03.04.24.981701,SB11,words ,1,
03.04.25.009261,SB11,words ,1,
03.04.25.041972,SB11,words ,1,
03.04.25.076183,SB11,words ,1,
03.04.25.124536,SB11,words ,1,
03.04.25.169408,SB11,words ,1,
03.04.25.196479,SB11,words ,1,
03.04.25.229747,SB11,words ,1,
03.04.25.262606,SB11,words ,1,
03.04.25.311142,SB11,words ,1,
03.04.25.337568,SB11,words ,1,
03.04.25.384042,SB11,words ,1,
03.04.25.421775,SB11,words ,1,
03.04.25.461951,SB11,words ,1,
03.04.25.493820,SB11,words ,1,
03.04.25.524678,SB11,words ,1,
03.04.25.570009,SB11,words ,1,
03.04.25.605989,SB11,words ,1,
03.04.25.639480,SB11,words ,1,
03.04.25.686850,SB11,words ,1,
03.04.25.712274,SB11,words ,1,
03.04.25.758430,SB11,words ,1,
03.04.25.791361,SB11,words ,1,
03.04.25.826708,SB11,words ,1,
03.04.25.872687,SB11,words ,1,
03.04.25.898168,SB11,words ,1,
03.04.25.946446,SB11,words ,1,
03.04.25.984642,SB11,words ,1,
03.04.26.014018,SB11,words ,1,
03.04.26.061545,SB11,words ,1,
03.04.26.088802,SB11,words ,1,
03.04.26.128244,SB11,words ,1,
03.04.26.171641,SB11,words ,1,
03.04.26.202779,SB11,words ,1,
03.04.26.246531,SB11,words ,1,
03.04.26.274603,SB11,words ,1,
03.04.26.309697,SB11,words ,1,
03.04.26.355819,SB11,words ,1,
03.04.26.388908,SB11,words ,1,
03.04.26.414977,SB11,words ,1,
03.04.26.452075,SB11,words ,1,
03.04.26.492184,SB11,words ,1,
03.04.26.538332,SB11,words ,1,
03.04.26.576718,SB11,words ,1,
03.04.26.602614,SB11,words,1,
03.04.26.650501,SB11,words,1,
03.04.26.682531,SB11,words,1,
03.04.26.712617,SB11,words,1,
03.04.26.761769,SB11,words,1,
03.04.26.790937,SB11,words,1,
03.04.26.838054,SB11,words,1,
03.04.26.873053,SB11,words,1,
03.04.26.899115,SB11,words,1,
03.04.26.951253,SB11,words,1,
03.04.26.976320,SB11,words,1,
03.04.27.012416,SB11,words,1,
03.04.27.046519,SB11,words,1,
03.04.27.085625,SB11,words,1,
03.04.27.138759,SB11,words,1,
03.04.27.164024,SB11,words,1,
03.04.27.199743,SB11,words,1,
03.04.27.252053,SB11,words,1,
03.04.27.431947,SB11,words,2,
03.04.27.961920,SB11,words,2,
03.04.27.993833,SB11,words,2,
03.04.28.044273,SB11,words,2,
03.04.28.079145,SB11,words,2,
03.04.28.122898,SB11,words,2,
03.04.28.149551,SB11,words,2,
03.04.28.181037,SB11,words,2,
03.04.28.233097,SB11,words,2,
03.04.28.258658,SB11,words,2,
03.04.28.291823,SB11,words,2,
03.04.28.327645,SB11,words,2,
03.04.28.378706,SB11,words,2,
03.04.28.420900,SB11,words,2,
03.04.28.453287,SB11,words,2,
03.04.28.478175,SB11,words,2,
03.04.28.524383,SB11,words,2,
03.04.28.556273,SB11,words,2,
03.04.28.606935,SB11,words,2,
03.04.28.639264,SB11,words,2,
03.04.28.664640,SB11,words,2,
03.04.28.705090,SB11,words,2,
03.04.28.743181,SB11,words,2,
03.04.28.775673,SB11,words,2,
03.04.28.819997,SB11,words,2,
03.04.28.852082,SB11,words,2,
03.04.28.900300,SB11,words,2,
03.04.28.928401,SB11,words,2,
03.04.28.964688,SB11,words,2,
03.04.29.010194,SB11,words,2,
03.04.29.039835,SB11,words,2,
03.04.29.078597,SB11,words,2,
03.04.29.117612,SB11,words,2,
03.04.29.149907,SB11,words,2,
03.04.29.201425,SB11,words,2,
03.04.29.227314,SB11,words,2,
03.04.29.258509,SB11,words,2,
03.04.29.294998,SB11,words,2,
03.04.29.338543,SB11,words,2,
03.04.29.369907,SB11,words,2,
03.04.29.418445,SB11,words,2,
03.04.29.446501,SB11,words,2,
03.04.29.493040,SB11,words,2,
03.04.29.523950,SB11,words,2,
03.04.29.555804,SB11,words,2,
03.04.29.605086,SB11,words,2,
03.04.29.634536,SB11,words,2,
03.04.29.685561,SB11,words,2,
03.04.29.710934,SB11,words,2,
03.04.29.744418,SB11,words,2,
03.04.29.792205,SB11,words,2,
03.04.29.822285,SB11,words,2,
03.04.29.859488,SB11,words,2,
03.04.29.899764,SB11,words,2,
03.04.29.930430,SB11,words,2,
03.04.29.978171,SB11,words,2,
03.04.30.013725,SB11,words,2,
03.04.30.044620,SB11,words,2,
03.04.30.090679,SB11,words,2,
03.04.30.117960,SB11,words,2,
03.04.30.151271,SB11,words,2,
03.04.30.187339,SB11,words,2,
03.04.30.235377,SB11,words,2,
03.04.30.260668,SB11,words,2,
03.04.30.298923,SB11,words,2,
03.04.30.338976,SB11,words,2,
03.04.30.374825,SB11,words,2,
03.04.30.423042,SB11,words,2,
03.04.30.461284,SB11,words,2,
03.04.30.494646,SB11,words,2,
03.04.30.524493,SB11,words,2,
03.04.30.561401,SB11,words,2,
03.04.30.606337,SB11,words,2,
03.04.30.632643,SB11,words,2,
03.04.30.681134,SB11,words,2,
03.04.30.712932,SB11,words,2,
03.04.30.749104,SB11,words,2,
03.04.30.795606,SB11,words,2,
03.04.30.822922,SB11,words,2,
03.04.30.859281,SB11,words,2,
03.04.30.900227,SB11,words,2,
03.04.30.936940,SB11,words,2,
03.04.30.982328,SB11,words,2,
03.04.31.008657,SB11,words,2,
03.04.31.044724,SB11,words,2,
03.04.31.087268,SB11,words,2,
03.04.31.117710,SB11,words,2,
03.04.31.167351,SB11,words,2,
03.04.31.198471,SB11,words,2,
03.04.31.229061,SB11,words,2,
03.04.31.276513,SB11,words,2,
03.04.31.312849,SB11,words,2,
03.04.31.359250,SB11,words,2,
03.04.31.383408,SB11,words,2,
03.04.31.420297,SB11,words,2,
03.04.31.454501,SB11,words,2,
03.04.31.499930,SB11,words,2,
03.04.31.543682,SB11,words,2,
03.04.31.571758,SB11,words,2,
03.04.31.608858,SB11,words,2,
03.04.31.638935,SB11,words,2,
03.04.31.685057,SB11,words,2,
03.04.31.711126,SB11,words,2,
03.04.31.759254,SB11,words,2,
03.04.31.791341,SB11,words,2,
03.04.31.825432,SB11,words,2,
03.04.31.873896,SB11,words,2,
03.04.31.899363,SB11,words,2,
03.04.31.946076,SB11,words,2,
03.04.31.979202,SB11,words,2,
03.04.32.012860,SB11,words,2,
03.04.32.061108,SB11,words,2,
03.04.32.089363,SB11,words,2,
03.04.32.123186,SB11,words,2,
03.04.32.168336,SB11,words,2,
03.04.32.201540,SB11,words,2,
03.04.32.247678,SB11,words,2,
03.04.32.276756,SB11,words,2,
03.04.32.308842,SB11,words,2,
03.04.32.358975,SB11,words,2,
03.04.32.384042,SB11,words,2,
03.04.32.436972,SB11,words,2,
03.04.32.461339,SB11,words,2,
03.04.32.492734,SB11,words,2,
03.04.32.539776,SB11,words,2,
03.04.32.578728,SB11,words,2,
03.04.32.623726,SB11,words,2,
03.04.32.649844,SB11,words,2,
03.04.32.688651,SB11,words,2,
03.04.32.733804,SB11,words,2,
03.04.32.763584,SB11,words,2,
03.04.32.791650,SB11,words,2,
03.04.32.829421,SB11,words,2,
03.04.32.869196,SB11,words,2,
03.04.32.904770,SB11,words,2,
03.04.32.953706,SB11,words,2,
03.04.32.978052,SB11,words,2,
03.04.33.014068,SB11,words,2,
03.04.33.055816,SB11,words,2,
03.04.33.089123,SB11,words,2,
03.04.33.140500,SB11,words,2,
03.04.33.167125,SB11,words,2,
03.04.33.213619,SB11,words,2,
03.04.33.243949,SB11,words,2,
03.04.33.275588,SB11,words,2,
03.04.33.328279,SB11,words,2,
03.04.33.353519,SB11,words,2,
03.04.33.384274,SB11,words,2,
03.04.33.422659,SB11,words,2,
03.04.33.463254,SB11,words,2,
03.04.33.514105,SB11,words,2,
03.04.33.542624,SB11,words,2,
03.04.33.576761,SB11,words,2,
03.04.33.608193,SB11,words,2,
03.04.33.651069,SB11,words,2,
03.04.33.682159,SB11,words,2,
03.04.33.728369,SB11,words,2,
03.04.33.760443,SB11,words,2,
03.04.33.794685,SB11,words,2,
03.04.33.839107,SB11,words,2,
03.04.33.868427,SB11,words,2,
03.04.33.915996,SB11,words,2,
03.04.33.948812,SB11,words,2,
03.04.33.980769,SB11,words,2,
03.04.34.025259,SB11,words,2,
03.04.34.057898,SB11,words,2,
03.04.34.102903,SB11,words,2,
03.04.34.133348,SB11,words,2,
03.04.34.172476,SB11,words,2,
03.04.34.212759,SB11,words,2,
03.04.34.245447,SB11,words,2,
03.04.34.276028,SB11,words,2,
03.04.34.321271,SB11,words,2,
03.04.34.357954,SB11,words,2,
03.04.34.400897,SB11,words,2,
03.04.34.430224,SB11,words,2,
03.04.34.465359,SB11,words,2,
03.04.34.508857,SB11,words,2,
03.04.34.545340,SB11,words,2,
03.04.34.591278,SB11,words,2,
03.04.34.620356,SB11,words,2,
03.04.34.649078,SB11,words,2,
03.04.34.687940,SB11,words,2,
03.04.34.733036,SB11,words,2,
03.04.34.761306,SB11,words,2,
03.04.34.806087,SB11,words,2,
03.04.34.836434,SB11,words,2,
03.04.34.874528,SB11,words,2,
03.04.34.922051,SB11,words,2,
03.04.34.947408,SB11,words,2,
03.04.34.985504,SB11,words,2,
03.04.35.024960,SB11,words,2,
03.04.35.061832,SB11,words,2,
03.04.35.109322,SB11,words,2,
03.04.35.134619,SB11,words,2,
03.04.35.172931,SB11,words,2,
03.04.35.211985,SB11,words,2,
03.04.35.249009,SB11,words,2,
03.04.35.293953,SB11,words,2,
03.04.35.323482,SB11,words,2,
03.04.35.359967,SB11,words,2,
03.04.35.399849,SB11,words,2,
03.04.35.435960,SB11,words,2,
03.04.35.484747,SB11,words,2,
03.04.35.512034,SB11,words,2,
03.04.35.545946,SB11,words,2,
03.04.35.578004,SB11,words,2,
03.04.35.625224,SB11,words,2,
03.04.35.670396,SB11,words,2,
03.04.35.697917,SB11,words,2,
03.04.35.733318,SB11,words,2,
03.04.35.765766,SB11,words,2,
03.04.35.812401,SB11,words,2,
03.04.35.839665,SB11,words,2,
03.04.35.884270,SB11,words,2,
03.04.35.922872,SB11,words,2,
03.04.35.952219,SB11,words,2,
03.04.35.998378,SB11,words,2,
03.04.36.027447,SB11,words,2,
03.04.36.071816,SB11,words,2,
03.04.36.107506,SB11,words,2,
03.04.36.140185,SB11,words,2,
03.04.36.187303,SB11,words,2,
03.04.36.214375,SB11,words,2,
03.04.36.250693,SB11,words,2,
03.04.36.297796,SB11,words,2,
03.04.36.328732,SB11,words,2,
03.04.36.374728,SB11,words,2,
03.04.36.400097,SB11,words,2,
03.04.36.447942,SB11,words,2,
03.04.36.484003,SB11,words,2,
03.04.36.509136,SB11,words,2,
03.04.36.561332,SB11,words,2,
03.04.36.587508,SB11,words,2,
03.04.36.620997,SB11,words,2,
03.04.36.672864,SB11,words,2,
03.04.36.702938,SB11,words,2,
03.04.36.750499,SB11,words,2,
03.04.36.774962,SB11,words,2,
03.04.36.806403,SB11,words,2,
03.04.36.859550,SB11,words,2,
03.04.36.890631,SB11,words,2,
03.04.36.930748,SB11,words,2,
03.04.36.961820,SB11,words,2,
03.04.37.003967,SB11,words,2,
03.04.37.044045,SB11,words,2,
03.04.37.075122,SB11,words,2,
03.04.37.101190,SB11,words,2,
03.04.37.149319,SB11,words,2,
03.04.37.188800,SB11,words,2,
03.04.37.214162,SB11,words,2,
03.04.37.259489,SB11,words,2,
03.04.37.291001,SB11,words,2,
03.04.37.339423,SB11,words,2,
03.04.37.375512,SB11,words,2,
03.04.37.401107,SB11,words,2,
03.04.37.446227,SB11,words,2,
03.04.37.477310,SB11,words,2,
03.04.37.525438,SB11,words,2,
03.04.37.561587,SB11,words,2,
03.04.37.588659,SB11,words,2,
03.04.37.639831,SB11,words,2,
03.05.11.865407,SB11,login,
03.05.40.997813,SB11,letters,F E E _,
03.05.41.075726,SB11,letters,F E E L,
03.05.42.739267,SB11,letters,P R O F _ _,
03.05.43.004683,SB11,letters,P R O F I _,
03.05.43.096202,SB11,letters,P R O F I T,
03.05.44.124869,SB11,letters,G U I L T,
03.05.45.249786,SB11,letters,G _ A D,
03.05.45.390640,SB11,letters,G L A D,
03.05.46.834796,SB11,letters,F _ _ T I L E,
03.05.47.022571,SB11,letters,F E _ T I L E,
03.05.47.178829,SB11,letters,F E R T I L E,
03.05.48.553987,SB11,letters,M E R _ Y,
03.05.48.850658,SB11,letters,M E R R Y,
03.05.50.102628,SB11,letters,G _ A R _ D,
03.05.50.196635,SB11,letters,G L A R _ D,
03.05.50.587315,SB11,letters,G L A R E D,
03.05.51.523243,SB11,letters,S M A _ _,
03.05.51.617233,SB11,letters,S M A L _,
03.05.51.820123,SB11,letters,S M A L L,
03.05.53.320826,SB11,letters,F _ _ _ O U S,
03.05.53.930281,SB11,letters,F A _ _ O U S,
03.05.57.624270,SB11,letters,G _ _ _ O U S,
03.05.57.905324,SB11,letters,G L _ _ O U S,
03.05.59.608884,SB11,letters,G L P _ O U S,
03.06.00.430923,SB11,letters,G L P R O U S,
03.11.53.233228,SB11,login,
03.12.24.356474,SB11,picturestory,f,
03.12.24.481482,SB11,picturestory,f,
03.12.24.684630,SB11,picturestory,f,
03.12.24.762747,SB11,picturestory,f,
03.12.24.934403,SB11,picturestory,f,
03.12.25.028159,SB11,picturestory,f,
03.12.25.215706,SB11,picturestory,f,
03.12.25.293856,SB11,picturestory,f,
03.12.25.465957,SB11,picturestory,f,
03.12.25.559469,SB11,picturestory,f,
03.12.25.731377,SB11,picturestory,f,
03.12.25.825281,SB11,picturestory,f,
03.12.25.989619,SB11,picturestory,f,
03.12.26.099847,SB11,picturestory,f,
03.12.26.241642,SB11,picturestory,f,
03.12.26.351033,SB11,picturestory,f,
03.12.26.522670,SB11,picturestory,f,
03.12.26.616675,SB11,picturestory,f,
03.12.26.788360,SB11,picturestory,f,
03.12.26.882329,SB11,picturestory,f,
03.12.27.054014,SB11,picturestory,f,
03.12.39.291454,SB11,picturestory,m,
03.12.39.306862,SB11,picturestory,m,
03.12.39.463154,SB11,picturestory,m,
03.12.39.478791,SB11,picturestory,m,
03.12.39.588396,SB11,picturestory,m,
03.12.39.603770,SB11,picturestory,m,
03.12.39.822544,SB11,picturestory,m,
03.12.39.822544,SB11,picturestory,m,
03.12.39.854029,SB11,picturestory,m,
03.12.39.869424,SB11,picturestory,m,
03.12.40.104061,SB11,picturestory,mm,
03.12.40.119451,SB11,picturestory,mm,
03.12.40.135078,SB11,picturestory,mm,
03.12.40.135078,SB11,picturestory,mm,
03.12.40.354103,SB11,picturestory,m,
03.12.40.369525,SB11,picturestory,m,
03.12.40.588494,SB11,picturestory,m,
03.12.40.603879,SB11,picturestory,m,
03.12.40.775770,SB11,picturestory,m,
03.12.40.791418,SB11,picturestory,m,
03.12.40.979163,SB11,picturestory,m,
03.12.40.994545,SB11,picturestory,m,
03.12.41.072678,SB11,picturestory,m,
03.12.41.088338,SB11,picturestory,m,
03.12.41.307078,SB11,picturestory,m,
03.12.41.322706,SB11,picturestory,m,
03.12.41.401084,SB11,picturestory,m,
03.12.41.416466,SB11,picturestory,m,
03.12.41.603987,SB11,picturestory,m,
03.12.41.603987,SB11,picturestory,m,
03.12.41.752464,SB11,picturestory,m,
03.12.41.752464,SB11,picturestory,m,
03.12.42.065209,SB11,picturestory,m,
03.12.42.080630,SB11,picturestory,m,
03.12.42.190231,SB11,picturestory,m,
03.12.42.205630,SB11,picturestory,m,
03.12.42.455890,SB11,picturestory,m,
03.12.42.471284,SB11,picturestory,m,
03.12.42.643401,SB11,picturestory,m,
03.12.42.658804,SB11,picturestory,m,
03.12.54.874204,SB11,picturestory,w,
03.12.54.874204,SB11,picturestory,w,
03.12.54.889841,SB11,picturestory,w,
03.12.55.005901,SB11,picturestory,w,
03.12.55.021252,SB11,picturestory,w,
03.12.55.021252,SB11,picturestory,w,
03.12.55.271532,SB11,picturestory,w,
03.12.55.286907,SB11,picturestory,w,
03.12.55.302533,SB11,picturestory,w,
03.12.55.349438,SB11,picturestory,w,
03.12.55.365076,SB11,picturestory,w,
03.12.55.365076,SB11,picturestory,w,
03.12.55.583839,SB11,picturestory,w,
03.12.55.599441,SB11,picturestory,w,
03.12.55.599441,SB11,picturestory,w,
03.12.55.662206,SB11,picturestory,w,
03.12.55.677574,SB11,picturestory,w,
03.12.55.677574,SB11,picturestory,w,
03.12.55.880964,SB11,picturestory,w,
03.12.55.896347,SB11,picturestory,w,
03.12.55.911975,SB11,picturestory,w,
03.12.55.990364,SB11,picturestory,w,
03.12.56.005751,SB11,picturestory,w,
03.12.56.005751,SB11,picturestory,w,
03.12.56.208881,SB11,picturestory,w,
03.12.56.208881,SB11,picturestory,w,
03.12.56.224508,SB11,picturestory,w,
03.12.56.287282,SB11,picturestory,w,
03.12.56.302642,SB11,picturestory,w,
03.12.56.302642,SB11,picturestory,w,
03.12.56.490197,SB11,picturestory,w,
03.12.56.505796,SB11,picturestory,w,
03.12.56.521440,SB11,picturestory,w,
03.12.56.615174,SB11,picturestory,w,
03.12.56.630803,SB11,picturestory,w,
03.12.56.646427,SB11,picturestory,w,
03.12.56.787069,SB11,picturestory,w,
03.12.56.787069,SB11,picturestory,w,
03.12.56.802700,SB11,picturestory,w,
03.12.56.912338,SB11,picturestory,w,
03.12.56.927710,SB11,picturestory,w,
03.12.56.927710,SB11,picturestory,w,
03.12.57.115229,SB11,picturestory,w,
03.12.57.115229,SB11,picturestory,w,
03.12.57.130856,SB11,picturestory,w,
03.12.57.255918,SB11,picturestory,w,
03.12.57.271496,SB11,picturestory,w,
03.12.57.271496,SB11,picturestory,w,
03.12.57.404620,SB11,picturestory,w,
03.12.57.420022,SB11,picturestory,w,
03.12.57.435650,SB11,picturestory,w,
03.12.57.560818,SB11,picturestory,w,
03.12.57.576289,SB11,picturestory,w,
03.12.57.576289,SB11,picturestory,w,
03.12.57.685903,SB11,picturestory,w,
03.12.57.701295,SB11,picturestory,w,
03.12.57.701295,SB11,picturestory,w,
03.12.57.967178,SB11,picturestory,w,
03.12.57.982575,SB11,picturestory,w,
03.12.57.982575,SB11,picturestory,w,
03.13.09.879566,SB11,picturestory,q,
03.13.09.895191,SB11,picturestory,q,
03.13.09.895191,SB11,picturestory,q,
03.13.09.910816,SB11,picturestory,q,
03.13.09.988949,SB11,picturestory,q,
03.13.10.004576,SB11,picturestory,q,
03.13.10.020240,SB11,picturestory,q,
03.13.10.035830,SB11,picturestory,q,
03.13.10.237967,SB11,picturestory,q,
03.13.10.249967,SB11,picturestory,q,
03.13.10.261967,SB11,picturestory,q,
03.13.10.273966,SB11,picturestory,q,
03.13.10.350072,SB11,picturestory,q,
03.13.10.362036,SB11,picturestory,q,
03.13.10.370070,SB11,picturestory,q,
03.13.10.382036,SB11,picturestory,q,
03.13.10.534307,SB11,picturestory,q,
03.13.10.546331,SB11,picturestory,q,
03.13.10.558450,SB11,picturestory,q,
03.13.10.558450,SB11,picturestory,q,
03.13.10.636852,SB11,picturestory,q,
03.13.10.652406,SB11,picturestory,q,
03.13.10.664407,SB11,picturestory,q,
03.13.10.676560,SB11,picturestory,q,
03.13.10.887553,SB11,picturestory,q,
03.13.10.903169,SB11,picturestory,q,
03.13.10.918796,SB11,picturestory,q,
03.13.10.918796,SB11,picturestory,q,
03.13.10.934680,SB11,picturestory,q,
03.13.10.950051,SB11,picturestory,q,
03.13.10.965678,SB11,picturestory,q,
03.13.10.965678,SB11,picturestory,q,
03.13.11.200351,SB11,picturestory,q,
03.13.11.215704,SB11,picturestory,q,
03.13.11.231332,SB11,picturestory,q,
03.13.11.231332,SB11,picturestory,q,
03.13.11.262841,SB11,picturestory,,
03.13.11.278249,SB11,picturestory,,
03.13.11.293838,SB11,picturestory,,
03.13.11.309498,SB11,picturestory,,
03.13.11.465991,SB11,picturestory,,
03.13.11.481358,SB11,picturestory,,
03.13.11.496983,SB11,picturestory,,
03.13.11.496983,SB11,picturestory,,
03.13.11.622261,SB11,picturestory,q,
03.13.11.637625,SB11,picturestory,q,
03.13.11.653252,SB11,picturestory,q,
03.13.11.653252,SB11,picturestory,q,
03.13.11.747241,SB11,picturestory,q,
03.13.11.762638,SB11,picturestory,q,
03.13.11.762638,SB11,picturestory,q,
03.13.11.778265,SB11,picturestory,q,
03.13.11.919168,SB11,picturestory,q,
03.13.11.934532,SB11,picturestory,q,
03.13.11.934532,SB11,picturestory,q,
03.13.11.950169,SB11,picturestory,q,
03.13.12.059801,SB11,picturestory,q,
03.13.12.075173,SB11,picturestory,q,
03.13.12.075173,SB11,picturestory,q,
03.13.12.090835,SB11,picturestory,q,
03.13.12.200184,SB11,picturestory,q,
03.13.12.215855,SB11,picturestory,q,
03.13.12.231440,SB11,picturestory,q,
03.13.12.231440,SB11,picturestory,q,
03.13.12.356485,SB11,picturestory,q,
03.13.12.372099,SB11,picturestory,q,
03.13.12.372099,SB11,picturestory,q,
03.13.12.387740,SB11,picturestory,q,
03.13.12.481467,SB11,picturestory,q,
03.13.12.481467,SB11,picturestory,q,
03.13.12.497093,SB11,picturestory,q,
03.13.12.512732,SB11,picturestory,q,
03.13.12.653360,SB11,picturestory,q,
03.13.12.653360,SB11,picturestory,q,
03.13.12.668987,SB11,picturestory,q,
03.13.12.684613,SB11,picturestory,q,
03.13.12.809873,SB11,picturestory,q,
03.13.12.825254,SB11,picturestory,q,
03.13.12.840880,SB11,picturestory,q,
03.13.12.840880,SB11,picturestory,q,
03.13.13.028647,SB11,picturestory,q,
03.13.13.044027,SB11,picturestory,q,
03.13.13.044027,SB11,picturestory,q,
03.13.13.059654,SB11,picturestory,q,
03.13.35.603649,SB11,brainteaser ,Solve the following puzzles.,
03.13.37.676998,SB11,brainteaser ,,
03.13.40.999081,SB11,brainteaser ,,
03.14.07.987078,SB11,brainteaser ,,
03.14.10.700675,SB11,brainteaser ,,
03.14.13.492291,SB11,brainteaser ,,
03.14.16.116528,SB11,brainteaser ,,
03.14.19.132521,SB11,brainteaser ,,
03.14.30.876360,SB11,brainteaser ,,
03.14.33.572742,SB11,brainteaser ,,
